,recordId,Names used in AMNH publications,useDates,floor,section
0,amnhc_4000002,African Hall,"1911, 1914, 1917, 1919, 1920, 1921, 1924, 1925, 1926, 1927, 1928, 1929, 1930, 1931, 1932, 1933, 1934, 1935, 1936, 1938, 1939, 1940, 1941, 1949",2,13
1,amnhc_4000002,Roosevelt African Hall,"1919, 1920, 1921",2,13
2,amnhc_4000002,African Gallery,"1924, 1931",3,13
3,amnhc_4000002,Hall of African Mammals,"1924, 1927, 1962, 1964, 1968, 1970, 1981, 1984, 1985, 1992, 1998",2,13
4,amnhc_4000002,Akeley African Hall,"1927, 1929, 1930, 1931, 1933, 1934, 1936, 1937, 1938, 1939, 1940, 1942, 1943, 1945, 1947, 1949, 1953, 1956, 1958",2,13
5,amnhc_4000002,Akeley Hall of African Mammals,"1928, 1929, 1932, 1940, 1941, 1957, 1967, 1971, 1973, 1975, 1978, 1981, 1984, 1985, 1991, 1993, 1996, 2000, 2001, 2006, 2007, 2009, 2010, 2012, 2014",2,13
6,amnhc_4000002,Akeley African Mammal Hall,1930,2,13
7,amnhc_4000002,"Small Mammal Groups, Gallery",1930,3,13
8,amnhc_4000002,Akeley Memorial African Hall,"1932, 1933, 1934, 1935, 1993",2,13
9,amnhc_4000002,Akeley Memorial Hall of African Mammals,"1935, 1936, 1937, 1964, 1969, 1983, 1986, 1987, 1988",3,13
10,amnhc_4000002,"African Hall, Akeley Memorial",1935,2,13
11,amnhc_4000002,Akeley Hall,"1936, 1937, 1940, 1969, 1985",2,13
12,amnhc_4000002,Akeley African Hall Gallery,"1939, 1953, 1956, 1958",3,13
13,amnhc_4000002,Gallery of Akeley African Hall,"1939, 1953, 1956, 1958",3,13
14,amnhc_4000002,African Mammals,"1943, 1945, 1947, 1949, 1953, 1962, 1964, 1967",2,13
15,amnhc_4000002,Akeley Memorial,"1962, 1964, 1972",2,13
16,amnhc_4000002,African Mammal Hall,1971,2,13
17,amnhc_4000002,Akeley Memorial African Hall (African Mammals),1993,2,13
18,amnhc_4000002,American Museum of Natural History. Akeley Memorial Hall of African Mammals. ,"1926, 1927",2,13
19,amnhc_4000003,Anne and Bernard Spitzer Hall of Human Origins,"2007, 2009, 2014-",1,4
20,amnhc_4000003,Spitzer Hall of Human Origins,"2006, 2007, 2009, 2012",1,4
21,amnhc_4000003,American Museum of Natural History. Anne and Bernard Spitzer Hall of Human Origins.,"2007, 2008",1,4
22,amnhc_4000003,Hall of Human Origins,,1,4
23,amnhc_4000004,Arthur Ross Hall of Meteorites,"1975, 1978, 1979, 1980, 1981, 1982, 1983, 1984, 1985, 1986, 1988, 1989, 1990, 1993, 2001, 2006, 2007",1,6
24,amnhc_4000004,"Hall of Meteorites, Minerals and Gems",1978,1,6
25,amnhc_4000004,Hall of Meteorites,"1980, 1984, 1988, 1990",1,6
26,amnhc_4000004,Ross Hall of Meteorites,"1984, 2006, 2012",1,6
27,amnhc_4000004,"American Museum of Natural History. Hall of Meteorites, Minerals and Gems.","1979, 1981",1,6
28,amnhc_4000005,Auduboniana,"1913, 1914, 1916, 1918, 1919, 1921, 1922, 1923, 1928, 1930, 1931, 1932, 1933, 1934, 1935, 1936",3,WC
29,amnhc_4000005,Audubon Gallery,"1939, 1943, 1945, 1947, 1949",4,12A
30,amnhc_4000005,Audubon Paintings,"1943, 1945, 1947, 1949",4,12A
31,amnhc_4000006,Dean Memorial Room of Fossil Fishes,1929,4,5
32,amnhc_4000006,Bashford Dean Memorial Hall of Fossil Fishes,1929,4,5
33,amnhc_4000006,Bashford Dean Hall of Fossil Fishes,1936,4,5
34,amnhc_4000106,Hall of North American Mammals,"1904, 1911, 1914, 1915, 1918, 1919, 1926, 1927, 1931, 1932, 1933, 1942",2,3
35,amnhc_4000106,North American Mammals,"1904, 1939, 1943, 1945",2,3
36,amnhc_4000106,North American Mammal Hall,"1911, 1912, 1913, 1931, 1933",2,3
37,amnhc_4000106,Mammals of North America,"1911, 1913, 1914, 1916, 1918, 1919, 1921, 1922, 1923, 1926, 1927, 1928, 1930, 1931, 1932, 1933, 1934, 1935, 1936",2,3
38,amnhc_4000106,North American Hall,"1914, 1918, 1924, 1931, 1936",2,3
39,amnhc_4000106,North American Faunal Hall,1915,2,3
40,amnhc_4000106,Allen Hall,"1922, 1928, 1945",2,3
41,amnhc_4000106,Allen Hall of North American Mammals,"1924, 1928, 1930, 1931, 1932, 1933, 1934, 1935, 1936, 1939, 1943, 1945",2,3
42,amnhc_4000106,North American Hall of Mammals,1926,2,3
43,amnhc_4000106,Hall of American Mammals,1926,2,3
44,amnhc_4000106,J. A. Allen Hall of North American Mammals,"1932, 1933",2,3
45,amnhc_4000106,Mammals of North America (Allen Hall),"1934, 1935, 1936",2,3
46,amnhc_4000007,Hall of North American Mammals,"1929, 1932, 1937, 1940, 1941, 1942, 1943, 1944, 1945, 1946, 1947, 1949, 1951, 1952, 1953, 1955, 1956, 1957, 1958, 1959, 1961, 1962, 1963, 1964, 1971, 1981, 1983, 1984, 1985, 1986, 1987, 1988, 1990, 2000, 2001",1,13
47,amnhc_4000007,North American Mammals,"1930, 1943, 1945, 1947, 1949, 1953, 1962, 1964, 2001, 2012",1,13
48,amnhc_4000007,North American Hall,"1931, 1940, 1948, 1949",1,13
49,amnhc_4000007,Mammals of North America,"1931, 1993",1,13
50,amnhc_4000007,North American Mammal Hall,"1937, 1938, 1939, 1940, 1941, 1950, 1951, 1956, 1957, 1981, 1984",1,13
51,amnhc_4000007,North American Hall of Mammals,1953,1,13
52,amnhc_4000007,Hall of Mammals of North America,1993,1,13
53,amnhc_4000007,Bernard Family Hall of North American Mammals,2014,1,13
54,amnhc_4000007,American Museum of Natural History. Hall of North American Mammals. ,"1937, 1940, 1942, 1950, 1952, 1963",1,13
55,amnhc_4000008,Gallery of Bird Paintings,1930,4,19
56,amnhc_4000008,Whitney Gallery of Bird Art,1938,4,19
57,amnhc_4000008,Gallery of Bird Art,"1939, 1943, 1945, 1947, 1949",4,19
58,amnhc_4000008,Bird Art Gallery,"1939, 1943, 1945, 1947, 1949, 1953",4,19
59,amnhc_4000009,Building Stones,"1931, 1932, 1933, 1934, 1935, 1936",1,7A
60,amnhc_4000010,Living Tribes of Asia,"1911, 1913, 1914, 1916, 1918, 1919, 1921, 1922, 1923",3,6
61,amnhc_4000010,Chinese and Siberian Collections,"1911, 1913, 1914, 1916, 1918, 1919, 1921, 1922, 1923, 1928, 1930, 1931, 1932, 1933, 1934",3,6
62,amnhc_4000010,Chinese Hall,"1912, 1917, 1929",3,6
63,amnhc_4000010,Asiatic Hall,"1913, 1928, 1932, 1938, 1939",3,6
64,amnhc_4000010,Hall of Asiatic Life,1916,3,6
65,amnhc_4000010,Arts and Industries of China,"1926, 1927",3,6
66,amnhc_4000010,Hall of Asiatic Peoples,"1929, 1940, 1941",3,6
67,amnhc_4000010,Asiatic Ethnology Hall,"1935, 1939, 1943, 1945, 1947, 1949",3,6
68,amnhc_4000010,Collections from Asia,"1935, 1936",3,6
69,amnhc_4000010,Hall for Asiatic Ethnology,1937,3,6
70,amnhc_4000010,Asiatic Natives,"1939, 1943, 1945, 1947, 1949, 1953",3,6
71,amnhc_4000010,Asiatic Cultures,"1953, 1956, 1958",3,6
72,amnhc_4000010,Peoples of Asia,1962,3,6
73,amnhc_4000011,Philippine Islands,1910,4,8
74,amnhc_4000011,Philippine Hall,"1911, 1918, 1928",4,8
75,amnhc_4000011,Living Tribes of the Philippine Islands,"1911, 1913, 1914, 1916, 1918, 1919, 1921, 1922, 1923",4,8
76,amnhc_4000011,Collections from the Philippines,"1911, 1913, 1914, 1918, 1919, 1921, 1922, 1923",4,8
77,amnhc_4000011,Philippine Island Hall,1918,4,8
78,amnhc_4000011,Collections from the Philippine Islands,"1919, 1921, 1922, 1923, 1928, 1930, 1931, 1932, 1933",4,8
79,amnhc_4000011,Philippino Hall,1921,4,8
80,amnhc_4000011,Philippine Collection,"1926, 1927",4,8
81,amnhc_4000011,Philippine Islands Collections,"1931, 1932, 1933, 1934, 1935, 1936",4,8
82,amnhc_4000011,Philippine Islands Hall,1934,4,8
83,amnhc_4000011,"Collections from New Guinea, Philippines and Malaysia","1934, 1935, 1936, 1939",4,8
84,amnhc_4000011,Philippine Natives,1939,4,8
85,amnhc_4000011,Collections from Philippines and Malaysia,"1943, 1945, 1947, 1949, 1953, 1956, 1958",4,8
86,amnhc_4000011,Philippine Island Natives,"1943, 1945, 1947, 1949, 1953",4,8
87,amnhc_4000012,Corner Gallery,"1947, 1948, 1949, 1950, 1950, 1951, 1953, 1954, 1955, 1956, 1957, 1958, 1959, 1960, 1961, 1962, 1963, 1964, 1965, 1966, 1967, 1968, 1969, 1970, 1971, 1974",2,5
88,amnhc_4000013,Invertebrate Zoology,1904,1,5
89,amnhc_4000013,Synoptic Hall,"1904, 1905, 1906, 1907, 1909, 1914, 1915",1,5
90,amnhc_4000013,Darwin Hall of Invertebrate Zoology,1909,1,5
91,amnhc_4000013,Darwin Hall,"1909, 1910, 1911, 1912, 1913, 1914, 1915, 1916, 1917, 1918, 1919, 1920, 1921, 1922, 1923, 1924, 1925, 1926, 1927, 1928, 1929, 1931, 1932, 1934, 1935, 1936, 1937, 1938, 1939, 1940, 1941, 1943, 1945, 1947, 1949",1,5
92,amnhc_4000013,Invertebrates,"1911, 1913, 1914, 1916, 1918, 1919,  1921, 1922, 1923, 1928, 1930, 1931, 1932, 1933, 1934, 1935, 1936, 1943, 1945, 1947, 1949",1,5
93,amnhc_4000013,"Darwin Hall, Invertebrates","1911, 1913, 1914, 1916, 1918, 1919, 1921, 1922, 1923, 1928, 1930",1,5
94,amnhc_4000013,Darwin Hall of Biology,"1925, 1928, 1930",1,5
95,amnhc_4000013,Darwin Hall of Evolution,"1926, 1927, 1928, 1930, 1931, 1932, 1933, 1934, 1935, 1936",1,5
96,amnhc_4000013,Invertebrates (Darwin Hall),"1931, 1932, 1933",1,5
97,amnhc_4000013,"Invertebrates, Darwin Hall, Corals","1934, 1935, 1936",1,5
98,amnhc_4000013,Hall of Invertebrates,"1938, 1941",1,5
99,amnhc_4000013,Darwin Hall of the Evolution of Life,"1939, 1943, 1945, 1947, 1949",1,5
100,amnhc_4000013,American Museum of Natural History. Darwin Hall. ,"1928, 1931",1,5
101,amnhc_4000014,Eskimo,"1918, 1919, 1921, 1922, 1923, 1939, 1953, 1956, 1958",1,7a; NC
102,amnhc_4000014,Eskimo Collections,"1919, 1921, 1922, 1923, 1928, 1930",1,7A
103,amnhc_4000014,Eskimo Collection,"1931, 1932, 1933, 1934, 1935, 1936",1,7A
104,amnhc_4000014,Eskimo Hall,"1939, 1945, 1947, 1949, 1953, 1956, 1958, 1961",1,7A
105,amnhc_4000014,Eskimo Corridor,"1939, 1943, 1945, 1947, 1949",1,7A
106,amnhc_4000014,Eskimos,"1943, 1945, 1947, 1949, 1953, 1962, 1964",1,7A
107,amnhc_4000014,Hall of Eskimos,"1963, 1970, 1983, 1984, 1986, 1993",1,7A
108,amnhc_4000014,Hall of the Eskimo,"1964, 1968",1,7A
109,amnhc_4000014,American Museum of Natural History. Eskimo Hall. ,1909,1,7A
110,amnhc_4000015,Felix M. Warburg Hall,1972,1,3
111,amnhc_4000015,Warburg Memorial Hall of Man and Nature,1976,1,3
112,amnhc_4000015,Felix M. Warburg Memorial Hall (Man and Nature),1984,1,3
113,amnhc_4000015,Felix M. Warburg Memorial Hall of New York State Environment,"1993, 2001, 2014-",1,3
114,amnhc_4000015,Warburg Hall of New York State Environment,2012,1,3
115,amnhc_4000015,Man and Nature (Warburg Memorial),1972,1,3
116,amnhc_4000015,American Museum of Natural History. Felix M. Warburg Memorial Hall. ,1952,1,3
117,amnhc_4000015,Hall of New York State Environment,,1,3
118,amnhc_4000016,Fishes,1926,1,7A
119,amnhc_4000017,Hall of Fossil Fishes,1909,4,5
120,amnhc_4000017,Fossil Fish Hall,1911,4,5
121,amnhc_4000017,Fossil Fishes,,4,5
122,amnhc_4000018,Gallery 3,2015,3,3
123,amnhc_4000020,Peoples of Asia,"1967, 1968, 1969, 1970, 1971, 1972, 1973, 1974, 1976, 1977, 1978",2,3
124,amnhc_4000020,Hall of the Peoples of Asia,"1969, 1974, 1977",2,3
125,amnhc_4000020,Hall of Peoples of Asia,"1969, 1970, 1971, 1972, 1974, 1975, 1976",2,3
126,amnhc_4000020,Hall of Man in Asia,1970,2,3
127,amnhc_4000020,Gardner D. Stout Hall of the Peoples of Asia,1977,2,3
128,amnhc_4000020,Hall of Asian Peoples,"1978, 1979, 1980, 1981, 1984, 1985, 1988, 1991",2,3
129,amnhc_4000020,Gardner D. Stout Hall of Asian Peoples,"1978, 1979, 1980, 1981, 1983, 1984, 1988, 1990, 1991, 1993, 2001, 2014",2,3
130,amnhc_4000020,Asian Peoples,1993,2,3
131,amnhc_4000020,Stout Hall of Asian Peoples,2012,2,3
132,amnhc_4000020,American Museum of Natural History. Gardner D. Stout Hall of Asian Peoples.,"1976, 1977, 1979, 1980, 1981",2,3
133,amnhc_4000021,Memorial Hall,"1911, 1913, 1914, 1915, 1916, 1918, 1919, 1921, 1922, 1923, 1924, 1926,  1927, 1928, 1930, 1931, 1932, 1933, 1934, 1935, 1936, 1939, 1943, 1953, 1956, 1958",1,2
134,amnhc_4000021,Special Exhibits,1943,1,2
135,amnhc_4000021,77th Street Foyer,"1962, 1964, 1967, 1972",1,2
136,amnhc_4000021,77th Street Lobby,1993,1,2
137,amnhc_4000021,77th Street Entrance,2001,1,2
138,amnhc_4000021,Grand Gallery,2012-,1,2
139,amnhc_4000022,African Ethnology,"1910, 1921",2,8
140,amnhc_4000022,Collections from Africa,"1911, 1913, 1914, 1916, 1918, 1919, 1921, 1922, 1923, 1928, 1930",2,8
141,amnhc_4000022,African Hall,"1913, 1914, 1916, 1918, 1919, 1921, 1922, 1923, 1928, 1930",2,8
142,amnhc_4000022,"Africa, Its Men and Mammals","1926, 1927",2,8
143,amnhc_4000022,African Hall of Ethnology,"1928, 1931",3,8
144,amnhc_4000022,Hall of African Ethnology,"1929, 1930, 1943, 1945, 1947, 1949",3,8
145,amnhc_4000022,African Ethnology Hall,"1929, 1930, 1931, 1932, 1933, 1934, 1935, 1936, 1939, 1953, 1956, 1958",3,8
146,amnhc_4000022,African Collections,"1931, 1932, 1933, 1934, 1935, 1936",3,8
147,amnhc_4000022,African Natives,"1939, 1943, 1945, 1947, 1949, 1953",3,8
148,amnhc_4000022,African Cultures,"1953, 1956, 1958",3,8
149,amnhc_4000022,Hall of the Peoples of Africa,"1960, 1961, 1962",2,1
150,amnhc_4000022,Peoples of Africa,1962,3,8
151,amnhc_4000022,Hall of Peoples of Africa,1962,3,8
152,amnhc_4000022,Hall of Man in Africa,"1963, 1964, 1965, 1966, 1967, 1968, 1969, 1970, 1971, 1972, 1974, 1981, 1984",2,1
153,amnhc_4000022,Man in Africa,"1964, 1965, 1974, 1976, 1978, 1988",2,1
154,amnhc_4000022,African Peoples Hall,1992,2,1
155,amnhc_4000022,Hall of African Peoples,"1992, 1993, 2001, 2014",2,1
156,amnhc_4000022,African Peoples,"1993, 2001, 2012",2,1
157,amnhc_4000022,American Museum of Natural History. Hall of African Peoples.,,2,1
158,amnhc_4000022,American Museum of Natural History. Hall of Man in Africa. ,,2,1
159,amnhc_4000023,Hall of Animal Behavior,"1937, 1938, 1939, 1940, 1941",3,12A
160,amnhc_4000024,Hall of Biodiversity,"1994, 1996, 1997, 1998, 2000, 2001, 2006, 2007, 2009, 2012, 2014-",1,9
161,amnhc_4000024,American Museum of Natural History. Hall of Biodiversity. ,"1996, 1997, 1998, 2005",1,9
162,amnhc_4000025,Mammals and Birds,1904,2,2
163,amnhc_4000025,Bird Hall,"1904, 1925",2,1
164,amnhc_4000025,Birds (2-1),1904,2,1
165,amnhc_4000025,Mammals,"1904, 1911",2,2
166,amnhc_4000025,Birds of the World (2-1),"1911, 1913, 1914, 1916, 1918, 1919, 1921, 1922, 1923, 1926, 1927, 1928, 1930, 1931, 1932, 1933, 1934, 1935, 1936, 1939, 1943, 1945",2,1
167,amnhc_4000025,Hall of Birds,1916,2,1
168,amnhc_4000025,Hall of Birds of the World (2-1),"1921, 1926, 1927, 1931, 1932, 1933",2,1
169,amnhc_4000025,Elliot Hall,"1923, 1927",2,1
170,amnhc_4000025,Hall of Habitat Bird Groups of the World,"1927, 1931",2,2
171,amnhc_4000025,Central Bird Hall,"1927, 1928, 1929, 1930",2,2
172,amnhc_4000025,Hall of Birds of the World (2-2),"1928, 1932, 1935, 1940, 1941, 1958, 1962, 1963, 1964, 1969, 1984, 1993, 2014",2,2
173,amnhc_4000025,Birds of the Continents Hall,"1929, 1930, 1931, 1932, 1933",2,2
174,amnhc_4000025,Birds of the World Hall (2-1),"1931, 1934, 1935, 1936",2,1
175,amnhc_4000025,Birds of the World Hall (2-2),"1932, 1933, 1934, 1936, 1941, 1943, 1945, 1947, 1949, 1953, 1956, 1958, 1959, 1960, 1984, 1992",2,2
176,amnhc_4000025,Faunal Groups Bird Hall,"1934, 1935, 1936",2,2
177,amnhc_4000025,Faunal Groups of Birds of the World,"1934, 1935, 1936",2,2
178,amnhc_4000025,Faunal Groups of Birds of the World Hall,"1934, 1935, 1936",2,2
179,amnhc_4000025,Hall of the Birds of the World,1939,2,2
180,amnhc_4000025,Faunal Bird Groups,1939,2,2
181,amnhc_4000025,Synoptic and Geographic Hall of Birds,1939,2,1
182,amnhc_4000025,Birds (2-2),"1943, 1945, 1947, 1949, 1953",2,2
183,amnhc_4000025,Birds of the World (2-2),"1962, 1964, 1993, 2001, 2012",2,2
184,amnhc_4000025,American Museum of Natural History. Hall of Birds of the World. ,1960,2,2
185,amnhc_4000026,Jurassic Dinosaur Hall,"1929, 1932, 1933, 1934, 1935, 1938",4,13
186,amnhc_4000026,Jurassic Dinosaurs,"1930, 1943, 1945, 1947, 1949",4,13
187,amnhc_4000026,Jurassic Hall,"1937, 1938, 1939, 1941, 1951, 1954, 1957",4,13
188,amnhc_4000026,Hall of Jurassic Reptiles,"1939, 1943, 1945, 1947, 1949",4,13
189,amnhc_4000026,First Fossil Hall -- Brontosaurs,1953,4,13
190,amnhc_4000026,Brontosaur Hall,"1953, 1956, 1957, 1958",4,13
191,amnhc_4000026,First Fossil Hall -- Fishes to Early Dinosaurs,1953,4,13
192,amnhc_4000026,Fishes to Early Dinosaurs -- Brontosaur Hall,"1956, 1958",4,13
193,amnhc_4000026,Hall of Early Dinosaurs,"1960, 1962, 1964, 1967, 1972, 1980, 1984, 1987",4,13
194,amnhc_4000026,Early Dinosaurs,"1962, 1964, 1967",4,13
195,amnhc_4000026,Fossil Fishes,"1962, 1964, 1972",4,13
196,amnhc_4000026,American Museum of Natural History. Hall of Early Dinosaurs. ,"1939, 1956",4,13
197,amnhc_4000027,Third Fossil Hall,1953,4,5
198,amnhc_4000027,Third Fossil Hall -- Age of Mammals,1953,4,5
199,amnhc_4000027,Paleocene Hall,1954,4,5
200,amnhc_4000027,Giant Sloth Hall,"1955, 1956, 1958",4,5
201,amnhc_4000027,Hall of the Giant Sloth,"1957, 1958",4,5
202,amnhc_4000027,Hall of Early Mammals,"1961, 1962, 1963, 1964, 1967, 1968, 1984, 1990",4,5
203,amnhc_4000027,Early Mammals,"1962, 1964, 1967, 1993",4,5
204,amnhc_4000027,Hall of Early Fossil Mammals,1982,4,5
205,amnhc_4000027,American Museum of Natural History. Hall of Early Mammals. ,1954,4,5
206,amnhc_4000027,American Museum of Natural History. Paleocene Hall. ,1960,4,5
207,amnhc_4000028,Woodlands Hall,1912,1,4
208,amnhc_4000028,Indians of the Woodlands,"1913, 1914, 1916, 1918, 1919, 1921, 1922, 1923, 1928, 1930, 1931, 1932, 1933, 1934, 1935, 1936",1,4
209,amnhc_4000028,Hall of Woodland Indians,"1916, 1937",1,4
210,amnhc_4000028,Eastern Woodlands Hall,"1911, 1913, 1919, 1921, 1922, 1923, 1924, 1928, 1936",1,4
211,amnhc_4000028,Indians of the Eastern Woodlands,"1926, 1927",1,4
212,amnhc_4000028,Woodland Indian Hall,"1930, 1931, 1932, 1933, 1934, 1935, 1936, 1939",1,4
213,amnhc_4000028,Woodlands Indians,1936,1,4
214,amnhc_4000028,Woodland Indians Hall,"1938, 1939, 1943, 1945, 1947, 1949",1,4
215,amnhc_4000028,Woodland Indians,"1939, 1943",1,4
216,amnhc_4000028,Eastern Woodlands,1939,1,4
217,amnhc_4000028,Eastern Indians,"1943, 1945, 1947, 1949, 1953",1,4
218,amnhc_4000028,Eastern Woodlands Indian Hall,"1945, 1947, 1949",1,4
219,amnhc_4000028,Eastern Woodlands-Plains Indians,"1960, 1961",3,4
220,amnhc_4000028,Hall of Eastern Woodlands and Plains Indians,"1961, 1962, 1963, 1976, 2001",3,4
221,amnhc_4000028,Hall of Eastern Woodlands Indians,"1962, 1992, 2014-",3,4
222,amnhc_4000028,Hall of Indians of the Woodlands and the Plains,1964,3,4
223,amnhc_4000028,Indians of the Eastern Woodlands/Indians of the Plains,1964,3,4
224,amnhc_4000028,Hall of Indians of the Eastern Woodlands,"1965, 1972, 1986, 1966, 1967, 1968, 1975",3,4
225,amnhc_4000028,Eastern Woodlands and Plains Indians,"1969, 1988, 1993, 2001",3,4
226,amnhc_4000028,Hall of Eastern Woodland Indians,1984,3,4
227,amnhc_4000028,Eastern Woodlands Indians,2012,3,4
228,amnhc_4000028,American Museum of Natural History. Hall of Eastern Woodlands Indians. ,1960,1,4
229,amnhc_4000029,Ichthyology Hall,1911,1,9
230,amnhc_4000029,Hall of Fishes,"1916, 1919, 1923, 1924, 1925, 1926, 1927, 1928, 1930, 1931, 1932, 1933, 1934, 1935, 1936, 1937, 1939, 1941, 1942, 1943, 1945, 1947, 1949, 1953, 1956, 1957, 1958, 1961, 1962",1,9
231,amnhc_4000029,Fish Hall,"1925, 1926, 1927, 1928, 1930, 1931, 1932, 1933, 1935, 1940, 1941, 1953, 1956, 1958",1,9
232,amnhc_4000029,Hall of Fishes of the World,"1928, 1929, 1930, 1936",1,9
233,amnhc_4000029,Fishes,"1939, 1943, 1945, 1947, 1949, 1953, 1962",1,9
234,amnhc_4000029,Hall of Living Fishes,"1939, 1943, 1945, 1947, 1949",1,9
235,amnhc_4000029,American Museum of Natural History. Hall of Fishes of the World. ,"1927, 1934",1,9
236,amnhc_4000030,Hall of Geology,"1904, 1910, 1912, 1914, 1923, 1924, 1926, 1927, 1930, 1931, 1932, 1933, 1934, 1935, 1936, 1939, 1940",4,1
237,amnhc_4000030,Hall of Geology and Mineralogy,1904,4,1
238,amnhc_4000030,Geology and Invertebrate Palaeontology,"1904, 1913, 1914, 1916, 1918, 1919, 1921, 1922, 1923, 1928, 1930, 1931, 1932, 1933, 1934, 1935, 1936",4,1
239,amnhc_4000030,Fossil Invertebrates Historical Geology,"1911, 1913, 1914, 1916",4,1
240,amnhc_4000030,Geology and Invertebrate Paleontology,1911,4,1
241,amnhc_4000030,Hall of Geology and Invertebrate Palaeontology,"1911, 1913, 1914, 1916, 1918, 1919, 1921, 1922, 1923, 1928, 1930, 1931, 1932, 1933, 1934, 1935, 1936, 1939, 1943, 1945, 1947, 1949",4,1
242,amnhc_4000030,Geological Hall,"1916, 1925",4,1
243,amnhc_4000030,Fossil Invertebrates,"1918, 1919, 1921, 1922, 1923",4,1
244,amnhc_4000030,Historical Geology,"1918, 1919, 1921, 1922, 1923",4,1
245,amnhc_4000030,Hall of General Geology,1923,4,1
246,amnhc_4000030,Geologic Hall,1925,4,1
247,amnhc_4000030,Geology,"1926, 1927",4,1
248,amnhc_4000030,Geology Hall,"1929, 1936, 1937, 1938, 1941",4,1
249,amnhc_4000030,Geology and Fossil Invertebrates,"1931, 1932, 1933, 1934, 1935, 1936, 1939",4,1
250,amnhc_4000030,Hall of Geology and Fossil Invertebrates,1942,4,1
251,amnhc_4000030,Geology-Fossil Invertebrates,"1943, 1945, 1947, 1949",4,1
252,amnhc_4000031,Hall of Human Biology,"1952, 1953, 1985",1,4
253,amnhc_4000031,Hall of the Biology of Man,"1952, 1955, 1956, 1957, 1958, 1959, 1960, 1961, 1962, 1963, 1964, 1969, 1970, 1971, 1972, 1973, 1974, 1980",1,4
254,amnhc_4000031,[Under Construction],1953,1,4
255,amnhc_4000031,Hall of Biology of Man,"1954, 1967, 1968, 1976, 1982",1,4
256,amnhc_4000031,Biology of Man Hall,"1956, 1958, 1984",1,4
257,amnhc_4000031,Biology of Man,"1962, 1964, 1967, 1972, 1974",1,4
258,amnhc_4000031,Hall of Human Biology and Evolution,"1982, 1983, 1984, 1985, 1986, 1987, 1988, 1989, 1990, 1991, 1992, 1993, 1994, 2001",1,4
259,amnhc_4000031,Human Biology and Evolution,"1993, 2001",1,4
260,amnhc_4000031,American Museum of Natural History. Hall of Biology of Man.,1972,1,4
261,amnhc_4000031,American Museum of Natural History. Hall of Human Biology.,"1992, 1993",1,4
262,amnhc_4000031,American Museum of Natural History. Hall of the Biology of Man. ,,1,4
263,amnhc_4000105,Dinosaur Hall,"1904, 1905, 1908, 1910, 1911, 1913, 1914, 1915, 1916, 1917, 1918, 1919, 1920, 1921, 1922, 1923",4,5
264,amnhc_4000105,Hall of Fossil Fishes,1909,4,5
265,amnhc_4000105,Fossil Fish Hall,1911,4,5
266,amnhc_4000105,Hall of Dinosaurs,1920,4,5
267,amnhc_4000105,Dinosaurs,"1926, 1927, 1931, 1932, 1933, 1934, 1935, 1936",4,9
268,amnhc_4000105,Age of Dinosaurs,1930,4,9
269,amnhc_4000032,Cretaceous Hall,"1938, 1941, 1954, 1957",4,9
270,amnhc_4000032,Cretaceous Dinosaurs,"1939, 1943, 1945, 1947, 1949",4,9
271,amnhc_4000032,Hall of Cretaceous Reptiles,"1939, 1943, 1945, 1947, 1949",4,9
272,amnhc_4000032,Second Fossil Hall -- Cretaceous Dinosaurs,1953,4,9
273,amnhc_4000032,Cretaceous Dinosaur Hall,1953,4,9
274,amnhc_4000032,Second Fossil Hall -- Late Dinosaurs,1953,4,9
275,amnhc_4000032,Tyrannosaur Hall,"1955, 1956, 1957, 1958, 1962",4,9
276,amnhc_4000032,Late Dinosaurs -- Tyrannosaur Hall,"1956, 1958",4,9
277,amnhc_4000032,Hall of Late Dinosaurs,"1962, 1964, 1980, 1984, 1990, 1967, 1964",4,9
278,amnhc_4000032,Late Dinosaurs,"1962, 1964, 1967",4,9
279,amnhc_4000032,American Museum of Natural History. Hall of Late Dinosaurs. ,"1939, 1956",4,9
280,amnhc_4000033,Hall of Fossil Mammals,"1904, 1929",4,3
281,amnhc_4000033,Fossil Mammals,"1904, 1926, 1927, 1939, 1943, 1945, 1947, 1949",4,3
282,amnhc_4000033,East Mammal Hall,"1905, 1906",4,3
283,amnhc_4000033,Tertiary Mammal Hall,"1910, 1911, 1912, 1914, 1915, 1916, 1917, 1935, 1940, 1941",4,3
284,amnhc_4000033,Fossil Mammal Hall,"1910, 1932",4,3
285,amnhc_4000033,Tertiary Hall,"1911, 1913, 1914, 1918, 1924, 1932, 1934, 1936",4,3
286,amnhc_4000033,"Fossil Mammals (Horses, Camels, etc.)","1911, 1913, 1914, 1916, 1918, 1919, 1921, 1922, 1923",4,3
287,amnhc_4000033,Fossil Mammals of the Tertiary Period,"1911, 1913, 1914, 1916, 1918, 1919, 1921, 1922, 1923, 1928, 1930, 1931, 1932, 1933, 1934, 1935, 1936",4,3
288,amnhc_4000033,Mammals of the Tertiary Period,"1914, 1918, 1919, 1921, 1922, 1923, 1928, 1930, 1931, 1932, 1933",4,3
289,amnhc_4000033,Hall of the Age of Mammals,"1916, 1918, 1919, 1921, 1922, 1923, 1928, 1930, 1931, 1932, 1933",4,3
290,amnhc_4000033,Age of Mammals,"1926, 1927, 1930, 1956, 1958",4,3
291,amnhc_4000033,Osborn Hall,"1926, 1927, 1928, 1936",4,3
292,amnhc_4000033,Age of Mammals Hall,"1929, 1930, 1931",4,3
293,amnhc_4000033,Osborn Hall of Tertiary Mammals,"1932, 1937",4,3
294,amnhc_4000033,Osborn Hall of the Age of Mammals,1934,4,3
295,amnhc_4000033,Mammals of the Tertiary Period (Osborn Hall of the Age of Mammals),"1934, 1935, 1936",4,3
296,amnhc_4000033,Fourth Fossil Hall -- Mammals,1953,4,3
297,amnhc_4000033,Fourth Fossil Hall -- Age of Mammals,1953,4,3
298,amnhc_4000033,Osborn Memorial,"1953, 1956, 1958, 1962, 1964",4,3
299,amnhc_4000033,Late Mammals,"1962, 1964, 1967",4,3
300,amnhc_4000033,Hall of Late Mammals,"1962, 1964, 1969, 1971, 1972, 1984, 1990",4,3
301,amnhc_4000033,Osborn Memorial Hall of Late Mammals,"1971, 1972",4,3
302,amnhc_4000033,Osborn Hall of Late Mammals,"1985, 1986",4,3
303,amnhc_4000033,Osborn Hall of Late Prehistoric Mammals,1987,4,3
304,amnhc_4000033,Osborn Hall of Fossil Mammals,1988,4,3
305,amnhc_4000033,Osborn Hall of Late Fossil Mammals ,1988,4,3
306,amnhc_4000034,Hall of the Biology of Invertebrates,"1960, 1961, 1962, 1963, 1964, 1965, 1966, 1967, 1968, 1969, 1972, 1984, 1985, 1986, 1987, 1993, 1962, 1971",1,9
307,amnhc_4000034,Biology of Invertebrates,"1960, 1964, 1965, 1966, 1967, 1968, 1972, 1993",1,9
308,amnhc_4000034,Biology of Living Invertebrates,1961,1,9
309,amnhc_4000034,Hall of Biology of Invertebrates,1970,1,9
310,amnhc_4000034,Invertebrate Biology,1972,1,9
311,amnhc_4000034,American Museum of Natural History. Hall of Living Invertebrates. ,1964,1,9
312,amnhc_4000035,Mammals,1904,3,2
313,amnhc_4000035,Mammal Hall,1911,3,3
314,amnhc_4000035,Mammals of the World,"1911, 1913, 1914, 1916, 1918, 1919, 1921, 1922, 1923, 1928, 1930",3,3
315,amnhc_4000035,Whales,"1913, 1914, 1916, 1918, 1919, 1921, 1922, 1923",3,3
316,amnhc_4000035,"Mammals of the World, Their Families and Evolution","1913, 1914, 1918, 1919, 1921, 1922, 1923, 1928, 1930",3,3
317,amnhc_4000035,Synoptic Hall of Mammals,"1917, 1918, 1919, 1921, 1924, 1927, 1929, 1939, 1945, 1947, 1949, 1953, 1956, 1958",3,3
318,amnhc_4000035,Buffon Hall,"1923, 1928",3,3
319,amnhc_4000035,Hall of Mammals,"1923, 1924, 1925, 1927",3,3
320,amnhc_4000035,Synoptic Hall,1924,3,3
321,amnhc_4000035,Hall of Mammals of the World,"1926, 1928, 1929",3,3
322,amnhc_4000035,Hall of Synoptic Mammals,1928,3,3
323,amnhc_4000035,Synoptic Series of Mammals,"1931, 1932, 1933, 1934, 1935, 1936",3,3
324,amnhc_4000035,Mammals - Synoptic Series,"1931, 1932, 1933, 1934, 1935, 1936",3,3
325,amnhc_4000035,"Biology, Evolution of Mammals",1939,3,3
326,amnhc_4000035,Biology of Mammals,"1943, 1945, 1947, 1949, 1953, 1962, 1964, 1967",3,3
327,amnhc_4000035,Hall of the Biology of Mammals,"1962, 1964",3,3
328,amnhc_4000035,American Museum of Natural History. Hall of Mammals. ,"1923, 1926",3,3
329,amnhc_4000036,Mexican Hall,1904,4,4
330,amnhc_4000036,Hall of Mexican and Central American Archaeology,1904,4,4
331,amnhc_4000036,Loubat Hall of Mexican and Central American Archaeology,1904,4,4
332,amnhc_4000036,Ethnology and Archaeology of Southwestern United States and of Mexico,1904,2,4
333,amnhc_4000036,Loubat Hall,1904,4,4
334,amnhc_4000036,Mexican and Central American Archaeology,1904,4,4
335,amnhc_4000036,Loubat Hall of Mexican Archaeology,1907,4,4
336,amnhc_4000036,Mexican and Central American Hall,"1911, 1939, 1953, 1956, 1958",2,4
337,amnhc_4000036,Ancient Monuments of Mexico and Central America,"1911, 1913, 1914, 1916, 1918, 1919, 1921, 1922, 1923, 1928, 1930",2,4
338,amnhc_4000036,Antiquities of Mexico and Central America,"1918, 1919, 1921, 1922, 1923, 1928, 1930, 1931, 1932, 1933, 1934, 1935, 1936",2,4
339,amnhc_4000036,Hall of Mexican Archaeology,1922,2,4
340,amnhc_4000036,Ancient Monuments of Mexico,1926,2,4
341,amnhc_4000036,Central American Hall,1938,2,4
342,amnhc_4000036,Mexican and Central American Indians,1939,2,4
343,amnhc_4000036,Mexico and Central America,"1943, 1945, 1947, 1949, 1953, 1962, 1964, 1965, 1974, 1978, 1993, 2001, 2012",2,4
344,amnhc_4000036,Indians of Mexico and Central America,"1943, 1945, 1947, 1949, 1953, 1956, 1958",2,4
345,amnhc_4000036,Hall of Mexico and Central America,"1962, 1964, 1965, 1966, 1967, 1968, 1969, 1970, 1972, 1976, 1982, 1984, 1985, 1987, 1988, 1990, 1991, 1993, 2001, 2010",2,4
346,amnhc_4000036,American Museum of Natural History. Mexican and Central American hall. ,1944,2,4
347,amnhc_4000037,Hall of Mollusks and Mankind,"1971, 1972, 1973, 1974, 1975, 1979, 1982, 1984",1,9
348,amnhc_4000037,Mollusks and Mankind,"1972, 1973, 1974, 1978",1,9
349,amnhc_4000037,Hall of Invertebrates,"1976, 1985, 1990",1,9
350,amnhc_4000037,Mollusks and Our World,1993,1,9
351,amnhc_4000037,American Museum of Natural History. Hall of Mollusks and Mankind. ,"1981, 1974",1,9
352,amnhc_4000037,American Museum of Natural History. Hall of Mollusks in Our World.,,1,9
353,amnhc_4000038,Hall of Mongolian Vertebrates,"1934, 1935, 1936, 1939, 1943, 1945, 1947, 1949",4,5
354,amnhc_4000038,Central Asiatic Expeditions Collections,"1934, 1935, 1936",4,5
355,amnhc_4000039,Local Collection of Birds,1904,3,WC
356,amnhc_4000039,Local Birds,1911,3,WC
357,amnhc_4000039,Birds of the Vicinity,"1926, 1927",2,WC
358,amnhc_4000039,Birds of the New York City Area,"1972, 1993",3,13A
359,amnhc_4000039,Hall of Birds of the New York City Area,1982,3,13A
360,amnhc_4000039,New York City Birds,"2001, 2012",3,13A
361,amnhc_4000039,Hall of New York City Birds,2015-,3,13A
362,amnhc_4000040,Natural History of New York State,1931,1,12
363,amnhc_4000040,Mammals of New York State,1939,1,12A
364,amnhc_4000040,New York State Exhibits,"1943, 1945, 1947, 1949",1,12
365,amnhc_4000040,Hall of New York State Mammals,"1953, 1956, 1958, 2014-",1,12
366,amnhc_4000040,New York State Mammals,"2001, 2012",3,7A
367,amnhc_4000041,Forestry Hall,"1948, 1950",1,5
368,amnhc_4000041,Hall of North American Forests,"1951, 1952, 1953, 1954, 1955, 1956, 1957, 1958, 1962, 1964, 1967, 1970, 1972, 1975, 1984, 1993, 2001, 2014-",1,5
369,amnhc_4000041,Hall of American Forests,1953,1,5
370,amnhc_4000041,Forestry,1953,1,5
371,amnhc_4000041,North American Forests,"1953, 1956, 1958, 1962, 1964, 1967, 1972, 1993, 2001, 2012",1,5
372,amnhc_4000041,Hall of Forests,"1956, 1958",1,5
373,amnhc_4000041,Forests (North American),1972,1,5
374,amnhc_4000041,American Museum of Natural History. Forestry Hall.  ,1951,1,5
375,amnhc_4000041,American Museum of Natural History. Hall of North American Forests. ,1958,1,5
376,amnhc_4000042,Indian Hall,"1904, 1906",1,1
377,amnhc_4000042,Ethnology of the Northwest Coast of America,1904,1,1
378,amnhc_4000042,Ethnology and Archaeology of Northwest Coast of North America (Jesup North Pacific Expedition),1904,1,1
379,amnhc_4000042,Eskimo Hall,"1908, 1912",1,1
380,amnhc_4000042,Northwest Coast Hall,"1909, 1911, 1913, 1914, 1915, 1916, 1923, 1937",1,1
381,amnhc_4000042,North Pacific Hall,"1910, 1911, 1911, 1912, 1913, 1914, 1914, 1916, 1917, 1918, 1918, 1919, 1920, 1921, 1922; 1923, 1926, 1927, 1930, 1937",1,1
382,amnhc_4000042,North Pacific Coast Hall,"1911, 1914, 1915",1,1
383,amnhc_4000042,Indians of the North Pacific Coast,"1913, 1914, 1916, 1918, 1919, 1921, 1922, 1923, 1928, 1930, 1931, 1932, 1933, 1934, 1935, 1936, 1939, 1943, 1945, 1947, 1949, 1953, 1956, 1958",1,1
384,amnhc_4000042,Jesup North Pacific Hall,"1914, 1916, 1917, 1918, 1920, 1921, 1922, 1926, 1945, 1947, 1949, 1953, 1956, 1958",1,1
385,amnhc_4000042,Indians of the North Pacific,1914,1,1
386,amnhc_4000042,Jesup North Pacific Coast Hall,1917,1,1
387,amnhc_4000042,Jesup Hall,"1922, 1924",1,1
388,amnhc_4000042,Northwest Coast Indians,"1939, 1943, 1945, 1947, 1949, 1953, 1967, 1972, 1993, 2001, 2012",1,1
389,amnhc_4000042,Hall of Northwest Coast Indians,"1956, 1961, 1964, 1982, 1984, 1989, 1993, 2001, 2009-",1,1
390,amnhc_4000042,Hall of Indians of the Northwest Coast,"1959, 1962, 1963, 1964, 1967",1,1
391,amnhc_4000042,Northwest Coast Indian Hall,"1960, 1964",1,1
392,amnhc_4000042,Indians of the Northwest Coast,"1962, 1964, 1972",1,1
393,amnhc_4000042,American Museum of Natural History. Hall of Northwest Coast Indians.,"2004, 2011, 2014",1,1
394,amnhc_4000043,Hall of Oil Geology,"1953, 1954, 1956, 1957, 1958, 1961, 1962",2,1
395,amnhc_4000043,Oil Geology,"1953, 1962",2,1
396,amnhc_4000043,Oil Geology Hall,"1956, 1958",2,1
397,amnhc_4000043,Hall of Petroleum Geology,"1956, 1958",2,1
398,amnhc_4000043,Hall of Economic Geology and Petrology,1960,2,1
399,amnhc_4000044,Ornithischian Dinosaurs,"1993, 2001, 2012",4,9
400,amnhc_4000044,Hall of Ornithischian Dinosaurs,"1994, 2001, 2007, 2015-",4,9
401,amnhc_4000044,American Museum of Natural History. Hall of Ornithischian Dinosaurs.  ,1996,4,9
402,amnhc_4000045,Hall of Petrology,"1937, 1938, 1939, 1943, 1945, 1947, 1949",3,7A
403,amnhc_4000045,Petrology,1939,3,7A
404,amnhc_4000045,Rock History,1939,3,7A
405,amnhc_4000045,Hall of Petrology and Economic Geology,1941,3,7A
406,amnhc_4000045,Geology,"1943, 1945, 1947, 1949",3,7A
407,amnhc_4000045,Hall of Petrology or Rock History,"1943, 1945, 1947, 1949",3,7A
408,amnhc_4000046,Plains Indians Hall,"1911, 1912, 1915, 1928, 1935, 1940",1,6
409,amnhc_4000046,Indians of the Plains,"1911, 1913, 1914, 1916, 1918, 1919, 1921, 1922, 1923, 1926, 1927, 1928, 1930, 1931, 1932, 1933, 1934, 1935, 1936, 1962",1,6
410,amnhc_4000046,Plains Hall,1914,1,6
411,amnhc_4000046,Indians of the Plains Hall,1915,1,6
412,amnhc_4000046,Plains Indian Hall,"1917, 1924, 1925, 1939, 1943, 1945, 1947, 1949, 1953, 1956, 1958",1,6
413,amnhc_4000046,Plains Indians,"1936, 1939, 1943, 1945, 1947, 1949, 1953, 1956, 1958",1,6
414,amnhc_4000046,Eastern Woodlands-Plain Indians Hall,1960,3,4
415,amnhc_4000046,Eastern Woodlands-Plains Indians,"1960, 1961",3,4
416,amnhc_4000046,Hall of Eastern Woodlands and Plains Indians,"1961, 1962, 1963, 1976, 2001",3,4
417,amnhc_4000046,Hall of Indians of the Woodlands and the Plains,1964,3,4
418,amnhc_4000046,Indians of the Eastern Woodlands/Indians of the Plains,1964,3,4
419,amnhc_4000046,Hall of the Indians of the Plains ,"1966, 1967, 1968",3,4
420,amnhc_4000046,Eastern Woodlands and Plains Indians,"1969, 1988, 1993, 2001",3,4
421,amnhc_4000046,Hall of Indians of the Plains,"1972, 1975, 1986",3,4
422,amnhc_4000046,American Museum of Natural History. Hall of Plains Indians.,1989,1,6
423,amnhc_4000046,Hall of Plains Indians,2014-,1,6
424,amnhc_4000047,North American Hall,1904,1,4
425,amnhc_4000047,Ethnology of North America ,1904,1,4
426,amnhc_4000047,Archaeology of Central and Eastern North America,1904,2,6
427,amnhc_4000047,Hall of North American Ethnology,1908,2,6
428,amnhc_4000047,Hall of North American Archaeology,"1908, 1914",2,6
429,amnhc_4000047,North American Archaeological Hall,"1911, 1913",2,6
430,amnhc_4000047,Prehistoric Man of North America,"1911, 1913, 1914, 1916, 1918, 1919, 1921, 1922, 1923",2,6
431,amnhc_4000047,Archaeological Hall,"1912, 1914",2,6
432,amnhc_4000047,North American Archaeology,"1913, 1916",2,6
433,amnhc_4000047,Prehistoric Man of North America and Europe,"1913, 1914, 1918, 1919, 1921, 1922, 1923, 1928, 1930, 1931, 1932, 1933",2,6
434,amnhc_4000047,Evolution of Prehistoric Cultures,"1919, 1921, 1922, 1923, 1928, 1930, 1931, 1932, 1933, 1934, 1935, 1936",2,6
435,amnhc_4000047,Hall of Prehistory of Man,1922,2,6
436,amnhc_4000047,Early Man,"1926, 1927",2,6
437,amnhc_4000047,Hall for Prehistoric Archaeology,1932,2,6
438,amnhc_4000047,Prehistoric Archaeology,1934,2,6
439,amnhc_4000047,Hall of Prehistoric Archaeology,1935,2,6
440,amnhc_4000047,Hall of Prehistoric Cultures,"1939, 1943, 1943, 1945, 1947, 1949",2,6
441,amnhc_4000047,Stone Age Culture,"1939, 1943, 1945, 1947, 1949, 1953",2,6
442,amnhc_4000047,Stone Age Cultures,"1962, 1964",2,6
443,amnhc_4000048,Rodents,1911,3,2
444,amnhc_4000048,"Monkeys, Apes and Primitive Man","1911, 1913, 1914, 1916, 1918, 1919, 1921, 1922, 1923",3,2
445,amnhc_4000048,Primate Hall,"1913, 1961",3,2
446,amnhc_4000048,"Monkeys, Apes, Rodents, Bats","1913, 1914, 1916",3,2
447,amnhc_4000048,Hall of Primates,"1915, 1916, 1917, 1919, 1922, 1924, 1925, 1927, 1928, 1929, 1930, 1931, 1932, 1933, 1934, 1935, 1936, 1939, 1941, 1943, 1945, 1947, 1949, 1953, 1956, 1958, 1960, 1962, 1963, 1964, 1968, 1984, 1986, 1993, 2001, 2010, 2014-",3,2
448,amnhc_4000048,Primates Hall,"1916, 1917, 1918, 1926, 1927",3,2
449,amnhc_4000048,"Apes, Monkey, Bats, Rodents","1918, 1919, 1921, 1922, 1923, 1928, 1930",3,2
450,amnhc_4000048,"Monkey, Apes, Rodents and Bats",1918,3,2
451,amnhc_4000048,"Monkey, Apes and Bats","1919, 1921, 1922, 1923",3,2
452,amnhc_4000048,Man and Apes,"1926, 1927",3,2
453,amnhc_4000048,Monkeys and Apes,"1928, 1930, 1931, 1932, 1933, 1934, 1935, 1936",3,2
454,amnhc_4000048,Primates,"1931, 1932, 1933, 1934, 1935, 1936, 1939, 1943, 1945, 1947, 1949, 1953, 1962, 1964, 1967, 1993, 2001, 2012",3,2
455,amnhc_4000048,Biology of Primates,1960,3,2
456,amnhc_4000048,Hall of the Biology of Primates,1962,3,2
457,amnhc_4000049,Hall of Primitive Mammals,"1994, 2001, 2015-",4,5
458,amnhc_4000049,Primitive Mammals,"2001, 2012",4,5
459,amnhc_4000050,Hall of Public Health,"1913, 1914, 1915, 1916, 1917, 1918, 1926",3,WC
460,amnhc_4000050,Public Health,"1913, 1914, 1916, 1918, 1919, 1921, 1922, 1923, 1926",3,WC
461,amnhc_4000050,Public Health Hall,1917,3,WC
462,amnhc_4000050,"Public Health: Water Supply, Insects and Disease","1918, 1919, 1921, 1922, 1923",3,WC
463,amnhc_4000050,Food Needs and Food Economics,"1928, 1930, 1931, 1932, 1933",1,11
464,amnhc_4000050,Food Economics,"1928, 1930",1,11
465,amnhc_4000050,Public Health. Food,"1928, 1930",1,11
466,amnhc_4000050,Public Health. Water Supply,"1928, 1930",1,11
467,amnhc_4000050,"Public Health: Food, Water Supply","1931, 1932, 1933",1,11
468,amnhc_4000050,Hall of Biology and Public Health,"1934, 1936",1,15
469,amnhc_4000050,Hall of Biological Principles and Applied Biology,"1934, 1935, 1936",1,15
470,amnhc_4000050,Public Health Exhibits,1943,3,12A
471,amnhc_4000050,American Museum of Natural History. Hall of Public Health. ,,1,"11, 15"
472,amnhc_4000051,Reptiles and Amphibians,1911,2,5
473,amnhc_4000051,Reptiles of the World,1916,3,9
474,amnhc_4000051,Habitat Groups of Amphibians and Reptiles,1918,3,9
475,amnhc_4000051,Hall of Reptiles,"1919, 1926, 1927, 1928, 1938, 1940",3,9
476,amnhc_4000051,Hall of Reptiles and Amphibians,"1922, 1923, 1924, 1928, 1973, 1974, 1975, 1976, 1977, 1979, 1984, 1988, 1990, 1993, 2001",3,9
477,amnhc_4000051,Hall of Amphibians and Reptiles,"1923, 1925, 1966, 1967, 1969, 1971",3,9
478,amnhc_4000051,Hall of Reptile Life,"1923, 1928, 1930, 1931, 1932, 1933, 1934, 1935, 1936, 1937",3,9
479,amnhc_4000051,Reptile Hall,"1925, 1926, 1931, 1935, 1936, 1937, 1939, 1943, 1945, 1947, 1949, 1953, 1956, 1958",3,9
480,amnhc_4000051,Hall of Reptile and Amphibian Life,1925,3,9
481,amnhc_4000051,Reptiles,"1927, 1939, 1943, 1945, 1947, 1949, 1953, 1962, 1964",3,9
482,amnhc_4000051,Reptile Life,"1931, 1932, 1933, 1934, 1935, 1936",3,9
483,amnhc_4000051,Living Reptiles,"1939, 1943",3,9
484,amnhc_4000051,Hall of Living Reptiles,"1940, 1943, 1945, 1947, 1949, 1953, 1956, 1958",3,9
485,amnhc_4000051,Amphibians and Reptiles,"1965, 1972, 1967, 1977",3,9
486,amnhc_4000051,Hall of the Biology of Amphibians and Reptiles,"1969, 1970, 1971",3,9
487,amnhc_4000051,Hall of Late Dinosaurs,"1970, 1971, 1974, 1979",3,9
488,amnhc_4000051,Hall of the Biology of Reptiles and Amphibians,1972,3,9
489,amnhc_4000051,American Museum of Natural History. Hall of Reptiles and Amphibians. ,"1978, 1974, 1975, 1976, 1977",3,9
490,amnhc_4000052,Saurischian Dinosaurs,"1993, 2001, 2012",4,13
491,amnhc_4000052,Hall of Saurischian Dinosaurs,"1994, 2001, 2007, 2009, 2015-",4,13
492,amnhc_4000052,American Museum of Natural History. Hall of Saurischian Dinosaurs. ,1996,4,13
493,amnhc_4000053,Corridor of Small North American Mammals,"1961, 1962",1,13A
494,amnhc_4000053,Corridor of North American Small Mammals,1961,1,13A
495,amnhc_4000053,North American Small Mammal Corridor,1962,1,13A
496,amnhc_4000053,North American Small Mammals,1963,1,13A
497,amnhc_4000053,Small North American Mammals,1967,1,13A
498,amnhc_4000053,Hall of Small Mammals of North America,"1968, 1975",1,13A
499,amnhc_4000053,Corridor of Small Mammals,1972,1,13A
500,amnhc_4000053,Small Mammals,2001,1,13A
501,amnhc_4000053,Hall of Small Mammals,2014,1,13A
502,amnhc_4000054,South American Hall,"1904, 1911, 1912, 1914",3,4
503,amnhc_4000054,Ethnology and Archaeology of South America,1904,3,4
504,amnhc_4000054,South American Archaeology,1904,3,4
505,amnhc_4000054,American Museum of Natural History. Peruvian Hall. ,1907,3,4
506,amnhc_4000054,Indians of South America,"1911, 1913, 1914, 1916, 1918, 1919, 1921, 1922, 1923, 1928, 1930, 1931, 1932, 1933",3,4
507,amnhc_4000054,Peruvian Hall,1914,3,4
508,amnhc_4000054,South America,"1926, 1927",3,4
509,amnhc_4000054,Ancient Peru,1930,2,8
510,amnhc_4000054,Hall of South American Archaeology,1931,2,8
511,amnhc_4000054,South American Indians,"1939, 1943, 1945, 1947, 1949, 1953",2,8
512,amnhc_4000054,South American Indian Hall,"1953, 1956, 1958",2,8
513,amnhc_4000054,Hall of Man in South America,1970,2,8
514,amnhc_4000054,Peoples of South America,"1971, 1972",2,8
515,amnhc_4000054,Hall of South American Peoples,"1979, 1980, 1981, 1982, 1983, 1984, 1985, 1986, 1987, 1988, 1990, 1991, 1993, 2001, 2014",2,8
516,amnhc_4000054,Hall of Peoples of South America,"1980, 1981, 1983",2,8
517,amnhc_4000054,South American Peoples,"1993, 2001, 2012",2,8
518,amnhc_4000055,Asiatic Hall,"1911, 1916, 1917, 1919, 1920, 1922, 1923, 1924, 1925, 1926, 1927, 1928, 1929, 1930",2,9
519,amnhc_4000055,Hall of Asiatic Mammals,"1922, 1923, 1924, 1984",2,9
520,amnhc_4000055,South Asiatic Hall,"1924, 1925, 1926, 1927, 1928, 1929, 1930, 1931, 1939, 1943, 1945, 1947, 1949, 1953, 1998",2,9
521,amnhc_4000055,Hall of South Asiatic Mammals,"1926, 1927, 1928, 1929, 1962, 1964, 1979, 1984, 1986, 1988, 1993",2,9
522,amnhc_4000055,Vernay-Faunthorpe Hall of South Asian Mammals,"1930, 1931, 1932, 1933, 1934, 1935, 1936, 1939, 1943, 1945, 1947, 1949, 1953, 1956, 1957, 1958, 1984",2,9
523,amnhc_4000055,South Asiatic Mammals,"1939, 1943, 1945, 1947, 1949, 1953, 1962, 1964, 1993",2,9
524,amnhc_4000055,South Asiatic Mammal Hall,"1950, 1953, 1956, 1958",2,9
525,amnhc_4000055,Asian Mammal Hall,1971,2,9
526,amnhc_4000055,Hall of Asian Mammals,"1972, 1976, 1993, 2001, 2010, 2014",2,9
527,amnhc_4000055,Asian Mammals,"2001, 2012",2,9
528,amnhc_4000055,American Museum of Natural History. Hall of South Asiatic Mammals. ,"1926, 1927, 1928",2,9
529,amnhc_4000056,Quaternary Hall,"1911, 1913, 1914, 1915, 1916, 1918, 1919, 1921, 1922, 1923, 1930, 1931, 1932, 1933, 1934, 1935, 1936, 1938",4,2
530,amnhc_4000056,Fossil Mammals (Mastodons),"1911, 1913, 1914, 1916, 1918, 1919, 1921, 1922, 1923",4,2
531,amnhc_4000056,Mastodons and Mammoths,"1911, 1913, 1914",4,2
532,amnhc_4000056,Hall of Mastodons and Mammoths,"1911, 1913, 1914, 1916, 1918, 1919, 1921, 1922, 1923",4,2
533,amnhc_4000056,Pleistocene Mammal Hall,1914,4,2
534,amnhc_4000056,Hall of Fossil Mammals,1914,4,2
535,amnhc_4000056,Hall of the Age of Man,"1915, 1916, 1917, 1918, 1919, 1920, 1921, 1922, 1923, 1924, 1925, 1926, 1927, 1928, 1930, 1931, 1932, 1933, 1934, 1935, 1936, 1937, 1938, 1939, 1943, 1945, 1947, 1949, 1956, 1958",4,2
536,amnhc_4000056,Age of Man Hall,"1918, 1919, 1920, 1921, 1924, 1925, 1932, 1937",4,2
537,amnhc_4000056,"Early Man, Mastodons and Mammoths","1918, 1919, 1921, 1922, 1923, 1931, 1932, 1933",4,2
538,amnhc_4000056,Age of Man,"1926, 1927, 1943, 1945, 1947, 1949",4,2
539,amnhc_4000056,"Early Man, Mastodons and Mammals","1928, 1930",4,2
540,amnhc_4000056,Osborn Hall of the Age of Man,"1933, 1934, 1935, 1936, 1939, 1943, 1945, 1947, 1949, 1953, 1956, 1958",4,2
541,amnhc_4000056,"Early Man, Mastodons and Mammoths (Osborn Hall of the Age of Man)","1934, 1935, 1936",4,2
542,amnhc_4000056,Hall of Age of Man,1939,4,2
543,amnhc_4000056,Fifth Fossil Hall -- Age of Man,1953,4,2
544,amnhc_4000056,Fifth Fossil Hall -- Ice Age Mammals,1953,4,2
545,amnhc_4000056,Ice Age Mammals,"1956, 1958, 1962, 1964",4,2
546,amnhc_4000056,Hall of Ice Age Mammals,"1962, 1964",4,2
547,amnhc_4000056,American Museum of Natural History. Hall of the Age of Man. ,"1920, 1921, 1923, 1925, 1929, 1938, 1944",4,2
548,amnhc_4000057,Races of Man Hall,"1926, 1932, 1935, 1936, 1940, 1941",3,4
549,amnhc_4000057,Races of Man,1930,3,4
550,amnhc_4000057,Hall of the Natural History of Man,"1931, 1932, 1934, 1935, 1936, 1938, 1939, 1942, 1943, 1945, 1947, 1949, 1953, 1956, 1958",3,4
551,amnhc_4000057,Hall of Anatomy,1932,3,4
552,amnhc_4000057,Natural History of Man Hall,"1932, 1934, 1935, 1936",3,4
553,amnhc_4000057,Natural History of Man,1934,3,4
554,amnhc_4000057,American Museum of Natural History. Hall of the Natural History of Man. ,"1934, 1937, 1942, 1947",3,4
555,amnhc_4000057,Anatomy of Man Hall,1936,3,4
556,amnhc_4000057,Hall of the Races of Man,1937,3,4
557,amnhc_4000057,Anthropology,1939,3,4
558,amnhc_4000057,Comparative Anatomy,1939,3,4
559,amnhc_4000057,Biology of Man,"1943, 1945, 1947, 1949, 1953",3,4
560,amnhc_4000057,Hall of Comparative Anatomy,"1944, 1946",3,4
561,amnhc_4000058,Primitive Vertebrates,1993,4,1
562,amnhc_4000058,Hall of Vertebrate Origins,"1994, 2001, 2015-",4,1
563,amnhc_4000058,Vertebrate Origins,"2001, 2012",4,1
564,amnhc_4000058,American Museum of Natural History. Hall of Vertebrate Origins.,1996,4,1
565,amnhc_4000059,Harry F. Guggenheim Hall of Minerals and Gems,1974,1,8
566,amnhc_4000059,Harry Frank Guggenheim Hall of Minerals ,"1975, 1980, 1983, 1984, 1988, 1990, 1993, 2001, 2006, 2014-",1,8
567,amnhc_4000059,Guggenheim Hall of Minerals,"1978, 1979, 1984, 1985, 1987, 1988, 1990, 1993, 2012",1,8
568,amnhc_4000059,Hall of Minerals,"1984, 1985, 1989",1,8
569,amnhc_4000059,Frank Guggenheim Hall of Minerals,1990,1,8
570,amnhc_4000059,American Museum of Natural History. Harry Frank Guggenheim Hall of Minerals. ,"1996, 1997",1,8
571,amnhc_4000060,Horse Under Domestication,"1922, 1923, 1928, 1930, 1931, 1932, 1933, 1934, 1935, 1936",4,WC
572,amnhc_4000060,Hall of Horses,"1924, 1925",4,WC
573,amnhc_4000060,Modern Horses,"1926, 1927",4,WC
574,amnhc_4000060,Hall of Horse Skeletons,1939,4,2A
575,amnhc_4000061,Entomology,1904,3,5
576,amnhc_4000061,Insects,"1904, 1926, 1927, 1939, 1943, 1945, 1947, 1949, 1953, 1962, 1964, 1967",3,5
577,amnhc_4000061,Hall of Local Insects and Insect Biology,"1909, 1910",3,5
578,amnhc_4000061,Insect Hall,"1909, 1911, 1913, 1914, 1915, 1916, 1918, 1919, 1921, 1922, 1923, 1928, 1930, 1931, 1932, 1933, 1939, 1943, 1945, 1947, 1949, 1953, 1956, 1958",3,5
579,amnhc_4000061,Hall of Local Insects,1909,3,5
580,amnhc_4000061,Hall of Insect Life and of Local Insects,1910,3,5
581,amnhc_4000061,Local Insects,"1911, 1913, 1914, 1916, 1918, 1919, 1921, 1922, 1923",3,5
582,amnhc_4000061,Hall of Insect Life,"1911, 1913, 1914, 1916, 1918, 1919, 1921, 1922, 1923, 1925, 1926, 1928, 1929, 1930, 1931, 1932, 1933, 1934, 1935, 1936, 1937, 1938, 1939, 1941, 1943, 1945, 1947, 1949",3,5
583,amnhc_4000061,Hall of Insects,"1912, 1917, 1919, 1929",3,5
584,amnhc_4000061,Insect Life,"1914, 1918, 1919, 1921, 1922, 1923, 1931, 1932, 1933, 1934, 1935, 1936",3,5
585,amnhc_4000061,Insect and Spider Hall,"1953, 1956, 1958",3,5
586,amnhc_4000061,Hall of Insect and Spider Life,1953,3,5
587,amnhc_4000062,Oceanographic Hall,"1911, 1913, 1920",1,10
588,amnhc_4000062,Court of Ocean Life,1916,1,10
589,amnhc_4000062,Hall of Ocean Life,"1919, 1920, 1922, 1923, 1924, 1925, 1926, 1927, 1928, 1929, 1930, 1931, 1932, 1933, 1934, 1935, 1936, 1937, 1938, 1939, 1940, 1941, 1943, 1944, 1945, 1947, 1948 1949, 1951, 1953, 1954, 1956, 1957, 1958, 1959, 1960, 1961, 1962, 2963, 1964, 1965, 1967, 1965, 1970, 1971, 1972, 1973, 1974, 1975; 1977, 1978, 1982, 1983, 1984, 1984, 1985, 1986, 1987, 1988, 1989, 1990, 1991, 1992, 1993, 1994, 1996, 2000, 2001",1,10
590,amnhc_4000062,Oceanic Hall,"1919, 1920, 1921, 1922, 1923, 1925, 1926, 1927, 1929, 1930, 1931, 1932, 1933, 1934, 1935",1,10
591,amnhc_4000062,Oceanic Life Hall,1925,1,10
592,amnhc_4000062,Shells,"1926, 1928, 1930",1,10
593,amnhc_4000062,Whales and Porpoises,"1928, 1930",1,10
594,amnhc_4000062,Oceanic Mammals,"1939, 1943, 1945, 1947, 1949",1,10
595,amnhc_4000062,Ocean Life,"1943, 1945, 1947, 1949, 1961, 1962, 1965, 1971, 2001",1,10
596,amnhc_4000062,Hall of Invertebrates,1951,1,10
597,amnhc_4000062,Invertebrates and Ocean Life,1953,1,10
598,amnhc_4000062,Hall of Living Invertebrates,1953. 1956. 1959,1,10
599,amnhc_4000062,Gallery of Invertebrates,1958,1,10
600,amnhc_4000062,Living Invertebrates and Ocean Life,1962,1,10
601,amnhc_4000062,Hall of Living Invertebrates and Ocean Life,1962,1,10
602,amnhc_4000062,Biology of Fishes,"1965,1972, 1993",1,10
603,amnhc_4000062,Biology of Fishes Gallery,"1966, 1967",1,10
604,amnhc_4000062,Hall of the Biology of Fishes ,"1966, 1967, 1972",1,10
605,amnhc_4000062,Hall of Ocean Life and Biology of Fishes,"1968, 1969, 1971, 1976, 1978, 1981, 1983, 1987, 1990",1,10
606,amnhc_4000062,Ocean Life and the Biology of Fishes,1974,1,10
607,amnhc_4000062,Ocean Life and Biology of Fishes,"1978, 1993",1,10
608,amnhc_4000062,Biology of Fishes Hall,1984,1,10
609,amnhc_4000062,Millstein Hall of Ocean Life,"2001, 2006, 2007, 2009, 2010, 2012",1,10
610,amnhc_4000062,Irma and Paul Milstein Family Hall of Ocean Life,"2001, 2014-",1,10
611,amnhc_4000062,Milstein Family Hall of Ocean Life,2009,1,10
612,amnhc_4000062,Hall of Fishes and Ocean LIfe,1972,1,10
613,amnhc_4000062,American Museum of Natural History. Hall of Ocean Life and the Biology of Fishes. ,1987,1,10
614,amnhc_4000062,American Museum of Natural History. Hall of Ocean Life. ,"1924, 1933, 1934, 1935, 1946, 1978 ",1,10
615,amnhc_4000063,Jesup Collection of Building Stones ,1904,1,EC
616,amnhc_4000064,Hall of Earth History and Geology,1962,4,2
617,amnhc_4000064,Lindsley Hall of Earth History,"1963, 1964, 1965, 1966, 1967, 1968, 1986",4,2
618,amnhc_4000064,Hall of Earth History,"1963, 1984, 1985, 1986",4,2
619,amnhc_4000064,Earth History,"1965, 1978",4,2
620,amnhc_4000064,John Lindsley Hall of Earth History,"1972, 1973, 1974, 1976, 1984, 1986, 1987",4,2
621,amnhc_4000064,American Museum of Natural History. John Lindsley Hall of Earth History. ,,4,2
622,amnhc_4000065,LeFrak Family Gallery,2015,4,20
623,amnhc_4000065,Gallery 4,"2000, 2008, 2009, 2010, 2011, 2012, 2013",4,20
624,amnhc_4000067,Birds of North America,"1904, 1943, 1945, 1947, 1949, 1953",3,1
625,amnhc_4000067,North American Bird Hall,"1904, 1960",3,1
626,amnhc_4000067,North American Birds,"1904, 1939, 1962, 1964, 1967, 1983, 1993",3,1
627,amnhc_4000067,Bird Life of North America,"1911, 1914, 1916, 1918, 1919, 1921, 1922, 1923, 1913",3,1
628,amnhc_4000067,Bird Groups,"1911, 1913, 1914, 1916, 1918, 1919, 1921, 1922, 1923, 1928, 1930, 1931, 1932, 1933, 1934, 1935",3,1
629,amnhc_4000067,Habitat Groups of North American Birds,"1911, 1913, 1914, 1916, 1918, 1919, 1921, 1922, 1923, 1928, 1930",3,1
630,amnhc_4000067,Hall of Habitat Bird Groups,1915,3,1
631,amnhc_4000067,Habitat Groups,"1918, 1919, 1921, 1922, 1923",3,1
632,amnhc_4000067,Groups of North American Birds,"1926, 1927",3,1
633,amnhc_4000067,Hall of Habitat Bird Groups of North America,1929,3,1
634,amnhc_4000067,Hall of Habitat Groups of North American Birds,1929,3,1
635,amnhc_4000067,Birds of North America (Habitat Groups),"1931, 1932, 1933",3,1
636,amnhc_4000067,Birds of North America - Habitat Groups,"1934, 1935, 1936",3,1
637,amnhc_4000067,North American Bird Groups,1936,3,1
638,amnhc_4000067,Hall of North American Bird Groups,"1939, 1943, 1945, 1947, 1949, 1953",3,1
639,amnhc_4000067,Gallery of North American Birds,"1939, 1943",3,1
640,amnhc_4000067,Chapman Hall,1958,3,1
641,amnhc_4000067,Hall of North American Birds,"1958, 1959, 1960, 1961, 1962, 1964, 1967, 1968, 1970, 1973, 1981, 1984, 1993",3,1
642,amnhc_4000067,Chapman Hall of North American Birds,1959,3,1
643,amnhc_4000067,Frank M. Chapman Memorial Hall of North American Birds,"1963, 1967, 1984, 2001",3,1
644,amnhc_4000067,North American Birds (Chapman Memorial),,3,1
645,amnhc_4000067,Sanford Hall of North American Birds,2012,3,1
646,amnhc_4000067,Leonard C. Sanford Hall of North American Birds,2014-,3,1
647,amnhc_4000068,Mammals of the Polar Regions,1911,2,5
648,amnhc_4000069,Hall of the Peoples of the Pacific,"1960, 1962, 1963, 1964, 1965, 1966, 1967, 1968, 1969, ",4,8
649,amnhc_4000069,Peoples of the Pacific,"1960, 1961, 1965, 1969",4,8
650,amnhc_4000069,Hall of Peoples of the Pacific,1970,3,8
651,amnhc_4000069,Margaret Mead Hall of Peoples of the Pacific,1978,3,8
652,amnhc_4000069,Margaret Mead Hall of Pacific Peoples,"1978, 1979, 1980, 1981, 1982, 1983, 1984, 1985, 1990, 1991, 1993, 2001, 2012, 2015-",3,8
653,amnhc_4000069,Hall of Pacific Peoples,"1979, 1980, 1987, 1989, 1992",3,8
654,amnhc_4000069,Margaret Mead Hall of the Peoples of the Pacific,1982,3,8
655,amnhc_4000069,Pacific Peoples,1993,3,8
656,amnhc_4000069,American Museum of Natural History. Margaret Mead Hall of Pacific Peoples. ,,3,8
657,amnhc_4000070,Marine Reptile Corridor,1904,4,EC
658,amnhc_4000070,Reptile Corridor,1904,4,EC
659,amnhc_4000070,Fossil Marine Reptiles,1904,4,EC
660,amnhc_4000070,Hall of Fossil Reptiles,"1905, 1943",4,5
661,amnhc_4000070,Fossil Reptiles (Dinosaurs),"1911, 1913, 1914, 1916, 1918, 1919, 1921, 1922, 1923",4,5
662,amnhc_4000070,Fossil Reptiles and Fishes,"1911, 1913, 1914, 1918, 1919, 1921, 1922, 1923",4,5
663,amnhc_4000070,Fossil Fishlike Lizards,"1914, 1916, 1918",4,EC
664,amnhc_4000070,"Fossil Reptiles, Amphibians and Fishes","1916, 1918, 1919, 1921, 1922, 1923",4,5
665,amnhc_4000070,Fossil Sea Reptiles,"1919, 1921, 1922, 1923",4,EC
666,amnhc_4000070,Hall of Marine Reptiles,"1925, 1931, 1932, 1933",4,5
667,amnhc_4000070,Fossil Reptiles,"1926, 1927, 1928, 1930, 1939, 1943, 1945, 1947, 1949",4,5
668,amnhc_4000070,Age of Marine Reptiles,1930,4,5
669,amnhc_4000070,Corridor of Marine Reptiles,"1943, 1945, 1947, 1949",4,12A
670,amnhc_4000070,Marine Reptiles,"1945, 1947, 1949",4,12A
671,amnhc_4000071,Maya Sculptures Mexican Textiles,"1919, 1921, 1922, 1923",2,2
672,amnhc_4000072,Meteorites,"1931, 1932, 1933",1,7A
673,amnhc_4000073,Orientation and Family Learning Center,1993,4,2
674,amnhc_4000073,Miriam and Ira D. Wallach Orientation Center,"1994, 2001, 2015-",4,2
675,amnhc_4000073,Wallach Orientation Center,2012,4,2
676,amnhc_4000073,American Museum of Natural History. Miriam and Ira D. Wallach Orientation Center. ,"1995, 1996",4,2
677,amnhc_4000074,Morgan Hall of Mineralogy,1904,4,2
678,amnhc_4000074,Gem Room,1904,4,WC
679,amnhc_4000074,Morgan Hall (Gems),1904,4,WC
680,amnhc_4000074,Morgan Hall (Minerals),1904,4,2
681,amnhc_4000074,American Museum of Natural History. Morgan Halls of Mineralogy.,1904,4,2
682,amnhc_4000074,Gem Hall,"1905, 1911, 1913, 1914, 1916, 1918, 1919, 1921",4,WC
683,amnhc_4000074,Mineralogical Hall,1910,4,4
684,amnhc_4000074,Mineral Hall,"1910, 1912, 1919, 1921, 1936, 1937",4,4
685,amnhc_4000074,Morgan Hall,"1911, 1912, 1913, 1917, 1921, 1923, 1926, 1927, 1929, 1932, 1933, 1934, 1935, 1937, 1938, 1940, 1941, 1954, 1960, 1964",4,4
686,amnhc_4000074,Morgan Hall of Minerals,"1911, 1918, 1919, 1920, 1925, 1929",4,4
687,amnhc_4000074,Gems,"1911, 1918, 1919, 1921",4,WC
688,amnhc_4000074,Fossil Fishlike Lizards,"1911, 1913",4,WC
689,amnhc_4000074,Gems and Precious Stones,"1911, 1913, 1914, 1916, 1918, 1919, 1921",4,WC
690,amnhc_4000074,Hall of Minerals,"1911, 1913, 1914, 1916, 1918, 1919, 1921, 1922, 1927, 1930, 1931, 1932, 1933, 1934, 1935, 1936, 1945, 1947, 1949",4,4
691,amnhc_4000074,Minerals,"1911, 1913, 1914, 1916, 1918, 1919, 1921",4,4
692,amnhc_4000074,Morgan Collection,1914,4,WC
693,amnhc_4000074,Morgan Hall of Gems,1918,4,WC
694,amnhc_4000074,Morgan Memorial Hall of Minerals and Gems,"1921, 1922, 1923, 1931, 1932, 1933, 1934, 1935, 1936, 1939, 1943, 1945, 1947, 1949, 1953, 1956, 1958, 1964, 1965, 1966, 1967, 1968",4,4
695,amnhc_4000074,Morgan Memorial Hall,"1922, 1923, 1924, 1925, 1931, 1932",4,4
696,amnhc_4000074,Morgan Hall of Gems and Minerals,1922,4,4
697,amnhc_4000074,Minerals and Gems,"1922, 1923, 1928, 1930, 1931, 1932, 1933, 1934, 1935, 1936, 1939, 1943, 1953, 1956, 1958, 1962, 1964, 1967",4,4
698,amnhc_4000074,Morgan Gem Hall,1924,4,4
699,amnhc_4000074,Gems and Minerals,"1926, 1927",4,4
700,amnhc_4000074,Hall of Minerals and Gems,"1928, 1945, 1947, 1949, 1962, 1964, 1967, 1969",4,4
701,amnhc_4000074,Morgan Hall of Minerals and Gems,1935,4,4
702,amnhc_4000074,Minerals-Gems,"1945, 1947, 1949",4,4
703,amnhc_4000074,Morgan Hall of  Minerals and Gems,"1953, 1956, 1958",4,4
704,amnhc_4000074,Morgan Memorial,"1962, 1964",4,4
705,amnhc_4000074,Morgan Memorial Hall of Gems,"1975, 1980, 1983, 1988, 1990, 2001, 2007, 2010, 2012, 2015-",1,8
706,amnhc_4000074,J.P. Morgan Hall of Gems,1983,1,8
707,amnhc_4000074,Hall of Gems,"1984, 1985",1,8
708,amnhc_4000074,John Pierpont Morgan Hall of Gems,1993,1,8
709,amnhc_4000075,New York State Exhibits,"1943, 1945, 1947, 1949",1,12A
710,amnhc_4000076,North Asiatic Hall,"1924, 1925, 1926, 1927, 1928, 1929, 1930, 1931, 1932, 1933, 1935, 1936, 1937, 1938, 1939, 1940, 1941, 1943",2,5
711,amnhc_4000076,African Elephants,"1926, 1927",2,5
712,amnhc_4000076,North Asiatic Mammal Hall,"1927, 1933",2,5
713,amnhc_4000076,North Asiatic Mammals,"1930, 1939, 1943, 1945, 1947, 1949, 1953, 1956, 1958, 1962, 1964",2,5
714,amnhc_4000076,Mammals of North Asia,1936,2,5
715,amnhc_4000076,Hall of North Asian Mammals,"1939, 1929, 1931, 1932, 1935, 1937, 1939, 1943, 1945, 1947, 1949",2,5
716,amnhc_4000076,North Asiatic Mammal Alcove,1961,2,5
717,amnhc_4000077,Osprey Group,1904,3,EC
718,amnhc_4000078,Paul and Irma Milstein Hall of Advanced Mammals,"1993, 1994, 2001",4,3
719,amnhc_4000078,Advanced Mammals,1993,4,3
720,amnhc_4000078,Milstein Hall of Advanced Mammals,2012,4,3
721,amnhc_4000079,Polar Expeditions,1911,1,EC
722,amnhc_4000079,Polar Maps,"1911, 1913, 1914, 1916, 1918, 1919, 1921, 1922, 1923",1,EC
723,amnhc_4000079,"Polar Exhibit, Seismograph","1934, 1935, 1936",1,EC
724,amnhc_4000080,Pro-Astronomical Hall,1925,1,WC
725,amnhc_4000080,Astronomical Exhibit,1927,1,WC
726,amnhc_4000080,Pro-Astronomic Hall,"1928, 1930, 1926, 1927, 1929, 1931, 1932, 1933, 1934",1,WC
727,amnhc_4000080,Astronomy,"1928, 1930, 1931, 1932, 1933, 1934",1,WC
728,amnhc_4000081,Hall of Recent Fishes,1911,2,7A
729,amnhc_4000081,Recent Fishes,"1911, 1913, 1914, 1916, 1918, 1919, 1921, 1922, 1923",2,7A
730,amnhc_4000081,Recent Fish Hall,1912,2,7A
731,amnhc_4000082,Biology of Bird Life,1930,1,19
732,amnhc_4000082,Hall of Biology of Birds,"1936, 1937, 1939, 1940, 1941, 1943, 1945, 1947, 1949, 1976",1,19
733,amnhc_4000082,Biology of Birds,"1938, 1939, 1943, 1945, 1947, 1949, 1953, 1962, 1964, 1983, 1993",1,19
734,amnhc_4000082,Hall of the Biology of Birds,"1942, 1960, 1961, 1962, 1964, 1972, 1979, 1981, 1984, 1993",1,19
735,amnhc_4000082,Sanford Hall of Birds,"1944, 1945, 1946, 1954",1,19
736,amnhc_4000082,Leonard C. Sanford Hall of Biology of Birds,"1947, 1953, 1956, 1958",1,19
737,amnhc_4000082,Sanford Hall,"1948, 1949",1,19
738,amnhc_4000082,Sanford Hall of the Biology of Birds,"1949, 1956, 1959, 1961, 1981",1,19
739,amnhc_4000082,Sanford Bird Hall,"1949, 1957",1,19
740,amnhc_4000082,Leonard C. Sanford Hall ,1953,1,19
741,amnhc_4000082,Sanford Memorial Hall of Biology of Birds,1953,1,19
742,amnhc_4000082,Sanford Hall of Bird Biology,"1956, 1957, 1958",1,19
743,amnhc_4000082,Sanford Memorial Hall of the Biology of Birds,"1956, 1958, 1965, 1967, 1973, 1980, 1981, 1982, 1983, 1990",1,19
744,amnhc_4000082,Sanford Memorial Hall of Bird Biology,"1956, 1958",1,19
745,amnhc_4000082,Sanford Memorial,"1962, 1964",1,19
746,amnhc_4000082,Biology of Birds Hall ,1984,1,19
747,amnhc_4000082,Biology of Birds (Sanford Memorial),1972,1,19
748,amnhc_4000082,American Museum of Natural History. Sanford Memorial Hall of the Biology of Birds. ,,1,19
749,amnhc_4000083,Shell Hall,1904,5,2
750,amnhc_4000083,Recent Shells,1904,5,2
751,amnhc_4000083,Hall of Molluscs,"1910, 1912",5,2
752,amnhc_4000083,Shells,"1911, 1913, 1914, 1916, 1918, 1919, 1921, 1922, 1923",3,8
753,amnhc_4000083,Hall of Shells,"1914, 1915, 1916, 1917, 1924",3,8
754,amnhc_4000083,Hall of Mollusks,1921,3,8
755,amnhc_4000083,Mollusk Hall,1922,3,8
756,amnhc_4000084,Siberian Hall,"1904, 1905, 1906, 1907",1,6
757,amnhc_4000084,Siberian Collections (Jesup North Pacific Expedition),1904,1,6
758,amnhc_4000085,South Sea Islands,1910,4,6
759,amnhc_4000085,South Sea Islands Hall,"1911, 1912, 1913, 1914, 1939, 1945, 1947, 1949",4,6
760,amnhc_4000085,Hall of the Pacific Islands,"1911, 1913, 1914",4,6
761,amnhc_4000085,Collections from the South Sea Islands,"1911, 1913",4,6
762,amnhc_4000085,Collections from the Pacific Islands,"1914, 1916, 1918, 1919, 1921, 1922, 1923, 1928, 1930, 1931, 1932, 1933, 1934, 1935, 1936",4,6
763,amnhc_4000085,Collections from South Sea Islands,"1914, 1916, 1918, 1919, 1921, 1922, 1923",4,6
764,amnhc_4000085,Pacific Islands,"1926, 1927",4,6
765,amnhc_4000085,Pacific Islands Collections,"1931, 1932, 1933, 1934, 1935, 1936",4,6
766,amnhc_4000085,Pacific Islands Hall,"1932, 1934, 1934, 1935, 1936",4,6
767,amnhc_4000085,Drummond Hall,1934,4,6
768,amnhc_4000085,Isaac Wyman Drummond Memorial Hall,1934,4,6
769,amnhc_4000085,South Sea Island Natives,1939,4,6
770,amnhc_4000085,South Pacific Hall,"1939, 1943, 1945, 1947, 1949, 1953, 1956, 1958",4,6
771,amnhc_4000085,South Sea Natives,"1943, 1945, 1947, 1949, 1953",4,6
772,amnhc_4000085,South Sea Island Hall,"1953, 1956, 1958",4,6
773,amnhc_4000086,Indians of the Southwest,"1910, 1911, 1913, 1914, 1916, 1918, 1919, 1921, 1922, 1923, 1926, 1927, 1928, 1930, 1931, 1932, 1933, 1934, 1935, 1936, 1939, 1943, 1945, 1947, 1949, 1953, 1956, 1958, 1962",1,8
774,amnhc_4000086,Southwest Indians Hall,"1912, 1935",1,8
775,amnhc_4000086,Southwest Indian Hall,"1913, 1927, 1929, 1932, 1937, 1939, 1943, 1945, 1947, 1949, 1953, 1956, 1958",1,8
776,amnhc_4000086,Southwest Hall,"1913, 1914, 1915, 1917, 1921, 1923, 1935, 1936, 1938",1,8
777,amnhc_4000086,Hall of Indians of the Southwest,1915,1,8
778,amnhc_4000086,Southwest Indians,"1936, 1939, 1943, 1945, 1947, 1949",1,8
779,amnhc_4000086,American Museum of Natural History. Southwest Indian Hall. ,1917,1,8
780,amnhc_4000087,Ward-Coonley Meteorites,1911,1,WC
781,amnhc_4000088,Whitney Hall of Birds,"1928, 1929, 1935",2,19
782,amnhc_4000088,Whitney Hall,"1928, 1936, 1937, 1948, 1962",2,19
783,amnhc_4000088,Whitney Memorial Hall,"1929, 1934, 1935, 1936, 1937, 1938, 1939, 1940, 1941, 1943, 1945, 1947, 1949, 1951, 1953",2,19
784,amnhc_4000088,Whitney Memorial Hall of Birds,"1929, 1936",2,19
785,amnhc_4000088,Whitney Memorial Gallery of Oceanic Birds,1930,3,19
786,amnhc_4000088,Whitney Memorial Hall of Oceanic Birds,"1930, 1940, 1951, 1972, 1984, 2001",2,19
787,amnhc_4000088,South Oceanic Hall,1934,2,19
788,amnhc_4000088,Hall of Pacific Island Birds,1939,2,19
789,amnhc_4000088,Whitney Memorial Hall of Pacific Island Birds,1939,2,19
790,amnhc_4000088,South Sea Birds,"1939, 1943, 1945, 1947, 1949, 1953, 1956",2,19
791,amnhc_4000088,Whitney Hall of Oceanic Birds,"1939, 1943, 1944, 1945, 1947, 1949, 1950, 1951, 1993",2,19
792,amnhc_4000088,Whitney Memorial Bird Hall,1940,2,19
793,amnhc_4000088,Whitney Hall of Pacific Birds,"1942, 1962",2,19
794,amnhc_4000088,Whitney Memorial Hall of Pacific Birds,1942,2,19
795,amnhc_4000088,Whitney Memorial Hall of Pacific Bird Life,"1952, 1993",2,19
796,amnhc_4000088,Whitney Memorial Hall of South Pacific Birds,"1953, 1956, 1958, 1962",2,19
797,amnhc_4000088,Whitney Memorial Hall of South Sea Birds,1958,2,19
798,amnhc_4000088,Whitney Memorial,"1962, 1964",2,19
799,amnhc_4000088,Oceanic Birds,"1962, 1964",2,19
800,amnhc_4000088,Hall of Oceanic Birds,"1962, 1964, 1981, 1983, 1984, 1988, 1989, 2000",2,19
801,amnhc_4000088,Pacific Bird Life,1993,2,19
802,amnhc_4000088,American Museum of Natural History. Whitney Memorial Hall of Pacific Bird Life. ,1939,2,19
803,amnhc_4000088,American Museum of Natural History. Whitney Memorial Hall of Oceanic Birds.,1946,2,19
804,amnhc_4000088,American Museum of Natural History. Whitney Hall of Oceanic Birds. ,1986,2,19
805,amnhc_4000089,Planetarium,"1930, 1931, 1934, 1935, 1936, 1937, 1940, 1941, 1942, 1943, 1944, 1945, 1946, 1947, 1948, 1949, 1950, 1951, 1952, 1953, 1955, 1956, 1957, 1958, 1959, 1960, 1962, 1963, 1964, 1965, 1966, 1967, 1968, 1970, 1971, 1972, 1973, 1974, 1975, 1976, 1977, 1978, 1979, 1980, 1981, 1982, 1983, 1984, 1985, 1986, 1987, 1989, 1990, 1991, 1992, 1993",1,18
806,amnhc_4000089,Hayden Planetarium,"1933, 1934, 1935, 1936, 1937, 1938, 1939, 1940, 1941, 1942, 1943, 1944, 1945, 1946, 1947, 1949, 1950, 1952, 1953, 1955, 1956, 1957, 1958, 1959, 1963, 1978, 1979, 1984, 1991, 1992, 1993",1,18
807,amnhc_4000089,American Museum-Hayden Planetarium,"1960, 1962, 1963, 1964, 1965, 1966, 1967, 1968, 1970, 1971, 1972, 1973, 1974, 1975, 1976, 1977, 1978, 1979, 1980, 1981, 1982, 1983, 1984, 1985, 1986, 1987, 1988, 1989, 1990",2,18
808,amnhc_4000089,American Museum Hayden Planetarium,1964,2,18
809,amnhc_4000089,Sky Theater,"1984, 1990, 1994, 1995",2,18
810,amnhc_4000089,Planetarium Sky Theater,1993,2,18
811,amnhc_4000089,Hayden Planetarium Space Theater,2001,3,18
812,amnhc_4000090,Astronomia,"1990, 1994, 1995",2,18
813,amnhc_4000091,Billy Rose Hall of the Sun,1984,2,18
814,amnhc_4000091,Hall of the Sun,"1984, 1990, 1993, 1994",2,18
815,amnhc_4000092,Guggenheim Space Theater,"1971, 1984, 1990, 1993, 1994, 1995",1,18
816,amnhc_4000093,Astronomy,"1935, 1936",1,18
817,amnhc_4000093,Hall of Astronomy,"1935, 1936, 1939, 1943",1,18
818,amnhc_4000093,"Astronomy, Planetarium","1935, 1936",1,18
819,amnhc_4000093,Copernican Planetarium,1935,1,18
820,amnhc_4000093,Copernican Chamber,1935,1,18
821,amnhc_4000093,Hall of the Sun,"1939, 1943, 1945, 1947, 1949, 1953, 1956, 1958",1,18
822,amnhc_4000094,Hayden Planetarium Main Lobby,1993,1,18
823,amnhc_4000095,Meteorites and Tektites,"1990, 1994, 1995",1,18
824,amnhc_4000095,Meteorites,1936,1,18
825,amnhc_4000096,Astronomical Black Light Gallery,1984,1,18
826,amnhc_4000096,Outer Space Black Light Gallery,"1990, 1994, 1995",1,18
827,amnhc_4000096,Black Light Gallery,1993,1,18
828,amnhc_4000097,Perkin Wing,1974,"1, 2",18
829,amnhc_4000098,Theodore Roosevelt Memorial,"1937, 1953, 1962, 1964",1,12
830,amnhc_4000098,Roosevelt Memorial,"1938, 1939",1,12
831,amnhc_4000098,Theodore Roosevelt Memorial Groups,1939,1,12
832,amnhc_4000098,Theodore Roosevelt Memorial Hall,"1939, 1953, 1956, 1958, 1962, 1991, 1992, 1993, 1990",2,12
833,amnhc_4000098,Roosevelt Memorial Hall,"1953, 1961, 1962, 1987",1,12
834,amnhc_4000098,Theodore Roosevelt Memorial Hall (Barosaurus),1993,2,12
835,amnhc_4000098,Theodore Roosevelt Rotunda,"2001, 2012, 2014",2,12
836,amnhc_4000098,New York State Roosevelt Memorial ,"1931, 1936, 1944, 1946",1,12
837,amnhc_4000099,Hall of Planet Earth,"1994, 1996, 1997, 1998, 2000, 2001",1,19
838,amnhc_4000099,David S. and Ruth L. Gottesman Hall of Planet Earth,"1997, 1998, 2000, 2001, 2010, 2014",1,19
839,amnhc_4000099,Gottesman Hall of Planet Earth,"1998, 2000, 2007, 2012",1,19
840,amnhc_4000099,American Museum of Natural History. David S. and Ruth L. Gottesman Hall of Planet Earth.,2012,1,19
841,amnhc_4000100,Hall of the Universe,"1994, 2000",0,18
842,amnhc_4000100,Cullman Hall of the Universe,"1994, 1996, 1997, 1998, 2000, 2001, 2006, 2007, 2012",0,18
843,amnhc_4000100,Lewis B. and Dorothy Cullman Hall of the Universe,"1996, 1997",0,18
844,amnhc_4000100,Dorothy and Lewis B. Cullman Hall of the Universe,"1998, 2000, 2001, 2009, 2010",0,18
845,amnhc_4000101,Harriet and Robert Heilbrunn Cosmic Pathway,"2000, 2012",1,18
846,amnhc_4000102,Hayden Big Bang Theater,2000-,2,18
847,amnhc_4000103,Scales of the Universe,2000-,2,18
848,amnhc_4000104,Rose Center for Earth and Space.,2000-,"0, 1, 2, 3, 4, 5",18
